{
  "total_cost_eur": 1.3487616489348384,
  "routing_distribution": {
    "mistral-small3.2": {
      "model_key": "mistral32",
      "routing_count": 845,
      "routing_pct": 41.36074400391581,
      "cost_per_request": 0.0005969329366680113,
      "total_cost": 0.5044083314844695,
      "benchmarks_evaluated": 5
    },
    "gpt-oss-120b": {
      "model_key": "gptoss120b",
      "routing_count": 510,
      "routing_pct": 24.963289280469898,
      "cost_per_request": 0.0012527339164086688,
      "total_cost": 0.6388942973684211,
      "benchmarks_evaluated": 7
    },
    "qwen3-8b": {
      "model_key": "qwen3_8b",
      "routing_count": 392,
      "routing_pct": 19.187469407733726,
      "cost_per_request": 2.768498023715415e-05,
      "total_cost": 0.010852512252964427,
      "benchmarks_evaluated": 5
    },
    "qwen3-coder-next": {
      "model_key": "qwen3coder",
      "routing_count": 149,
      "routing_pct": 7.293196279980421,
      "cost_per_request": 0.0004959974241978216,
      "total_cost": 0.07390361620547542,
      "benchmarks_evaluated": 8
    },
    "Llama-3.3-70B-Instruct": {
      "model_key": "llama70b",
      "routing_count": 147,
      "routing_pct": 7.195301027900147,
      "cost_per_request": 0.000821108106282369,
      "total_cost": 0.12070289162350824,
      "benchmarks_evaluated": 4
    }
  },
  "per_request_costs": {
    "brick": {
      "cost_per_request": 0.0,
      "total_cost": 0,
      "total_samples": 13584,
      "avg_input_tokens": 840.7120141342756,
      "avg_output_tokens": 94.83303886925795,
      "benchmarks_count": 9
    },
    "gptoss120b": {
      "cost_per_request": 0.0012527339164086688,
      "total_cost": 16.1853222,
      "total_samples": 12920,
      "avg_input_tokens": 854.486145510836,
      "avg_output_tokens": 94.82089783281734,
      "benchmarks_count": 7
    },
    "gptoss20b": {
      "cost_per_request": 0.00011754831114551084,
      "total_cost": 1.51872418,
      "total_samples": 12920,
      "avg_input_tokens": 852.8489938080495,
      "avg_output_tokens": 76.81764705882352,
      "benchmarks_count": 7
    },
    "qwen3_8b": {
      "cost_per_request": 2.768498023715415e-05,
      "total_cost": 0.1470903,
      "total_samples": 5313,
      "avg_input_tokens": 259.2123094297007,
      "avg_output_tokens": 27.257481648785998,
      "benchmarks_count": 5
    },
    "qwen3coder": {
      "cost_per_request": 0.0004959974241978216,
      "total_cost": 3.3698065,
      "total_samples": 6794,
      "avg_input_tokens": 280.62893729761555,
      "avg_output_tokens": 177.84147777450693,
      "benchmarks_count": 8
    },
    "llama70b": {
      "cost_per_request": 0.000821108106282369,
      "total_cost": 3.6465411000000003,
      "total_samples": 4441,
      "avg_input_tokens": 305.68362981310514,
      "avg_output_tokens": 236.184417923891,
      "benchmarks_count": 4
    },
    "mistral32": {
      "cost_per_request": 0.0005969329366680113,
      "total_cost": 2.9595935,
      "total_samples": 4958,
      "avg_input_tokens": 251.14945542557484,
      "avg_output_tokens": 214.2537313432836,
      "benchmarks_count": 5
    }
  },
  "comparison": {
    "optimal_cost": 0.0,
    "additional_cost": 1.3487616489348384
  }
}